"measure","row","gtype","score","desc","status","year","order","value","tot_yr"
"BodyAwareness",1,"Behavior",1,"Severe","aff",2011,"Mild-Severe",12,310
"BodyAwareness",1,"Behavior",1,"Severe","aff",2012,"Mild-Severe",9,320
"BodyAwareness",1,"Behavior",1,"Severe","aff",2013,"Mild-Severe",3,330
"BodyAwareness",1,"Behavior",1,"Severe","aff",2014,"Mild-Severe",13,333
"BodyAwareness",1,"Behavior",1,"Severe","aff",2015,"Mild-Severe",10,336
"BodyAwareness",1,"Behavior",1,"Severe","aff",2016,"Mild-Severe",6,323
"BodyAwareness",1,"Behavior",1,"Severe","aff",2017,"Mild-Severe",6,338
"BodyAwareness",1,"Behavior",1,"Severe","aff",2018,"Mild-Severe",2,279
"BodyAwareness",1,"Behavior",2,"Moderate","aff",2011,"Mild-Severe",22,310
"BodyAwareness",1,"Behavior",2,"Moderate","aff",2012,"Mild-Severe",26,320
"BodyAwareness",1,"Behavior",2,"Moderate","aff",2013,"Mild-Severe",32,330
"BodyAwareness",1,"Behavior",2,"Moderate","aff",2014,"Mild-Severe",13,333
"BodyAwareness",1,"Behavior",2,"Moderate","aff",2015,"Mild-Severe",23,336
"BodyAwareness",1,"Behavior",2,"Moderate","aff",2016,"Mild-Severe",22,323
"BodyAwareness",1,"Behavior",2,"Moderate","aff",2017,"Mild-Severe",19,338
"BodyAwareness",1,"Behavior",2,"Moderate","aff",2018,"Mild-Severe",14,279
"BodyAwareness",1,"Behavior",3,"Mild","un",2011,"Mild-Severe",59,310
"BodyAwareness",1,"Behavior",3,"Mild","un",2012,"Mild-Severe",53,320
"BodyAwareness",1,"Behavior",3,"Mild","un",2013,"Mild-Severe",36,330
"BodyAwareness",1,"Behavior",3,"Mild","un",2014,"Mild-Severe",51,333
"BodyAwareness",1,"Behavior",3,"Mild","un",2015,"Mild-Severe",60,336
"BodyAwareness",1,"Behavior",3,"Mild","un",2016,"Mild-Severe",55,323
"BodyAwareness",1,"Behavior",3,"Mild","un",2017,"Mild-Severe",68,338
"BodyAwareness",1,"Behavior",3,"Mild","un",2018,"Mild-Severe",33,279
"BodyAwareness",1,"Behavior",4,"V Mild","un",2011,"Mild-Severe",108,310
"BodyAwareness",1,"Behavior",4,"V Mild","un",2012,"Mild-Severe",85,320
"BodyAwareness",1,"Behavior",4,"V Mild","un",2013,"Mild-Severe",100,330
"BodyAwareness",1,"Behavior",4,"V Mild","un",2014,"Mild-Severe",98,333
"BodyAwareness",1,"Behavior",4,"V Mild","un",2015,"Mild-Severe",110,336
"BodyAwareness",1,"Behavior",4,"V Mild","un",2016,"Mild-Severe",116,323
"BodyAwareness",1,"Behavior",4,"V Mild","un",2017,"Mild-Severe",103,338
"BodyAwareness",1,"Behavior",4,"V Mild","un",2018,"Mild-Severe",86,279
"BodyAwareness",1,"Behavior",5,"Absent","un",2011,"Mild-Severe",109,310
"BodyAwareness",1,"Behavior",5,"Absent","un",2012,"Mild-Severe",147,320
"BodyAwareness",1,"Behavior",5,"Absent","un",2013,"Mild-Severe",159,330
"BodyAwareness",1,"Behavior",5,"Absent","un",2014,"Mild-Severe",158,333
"BodyAwareness",1,"Behavior",5,"Absent","un",2015,"Mild-Severe",133,336
"BodyAwareness",1,"Behavior",5,"Absent","un",2016,"Mild-Severe",124,323
"BodyAwareness",1,"Behavior",5,"Absent","un",2017,"Mild-Severe",142,338
"BodyAwareness",1,"Behavior",5,"Absent","un",2018,"Mild-Severe",144,279
"HarnessSensitivity",2,"Behavior",1,"Severe","aff",2003,"Mild-Severe",6,163
"HarnessSensitivity",2,"Behavior",1,"Severe","aff",2004,"Mild-Severe",5,245
"HarnessSensitivity",2,"Behavior",1,"Severe","aff",2005,"Mild-Severe",6,238
"HarnessSensitivity",2,"Behavior",1,"Severe","aff",2006,"Mild-Severe",9,273
"HarnessSensitivity",2,"Behavior",1,"Severe","aff",2007,"Mild-Severe",1,202
"HarnessSensitivity",2,"Behavior",1,"Severe","aff",2008,"Mild-Severe",7,200
"HarnessSensitivity",2,"Behavior",1,"Severe","aff",2009,"Mild-Severe",10,239
"HarnessSensitivity",2,"Behavior",1,"Severe","aff",2010,"Mild-Severe",17,276
"HarnessSensitivity",2,"Behavior",1,"Severe","aff",2011,"Mild-Severe",18,310
"HarnessSensitivity",2,"Behavior",1,"Severe","aff",2012,"Mild-Severe",5,320
"HarnessSensitivity",2,"Behavior",1,"Severe","aff",2013,"Mild-Severe",3,330
"HarnessSensitivity",2,"Behavior",1,"Severe","aff",2014,"Mild-Severe",15,333
"HarnessSensitivity",2,"Behavior",1,"Severe","aff",2015,"Mild-Severe",12,336
"HarnessSensitivity",2,"Behavior",1,"Severe","aff",2016,"Mild-Severe",9,323
"HarnessSensitivity",2,"Behavior",1,"Severe","aff",2017,"Mild-Severe",8,338
"HarnessSensitivity",2,"Behavior",1,"Severe","aff",2018,"Mild-Severe",3,279
"HarnessSensitivity",2,"Behavior",2,"Moderate","aff",2003,"Mild-Severe",9,163
"HarnessSensitivity",2,"Behavior",2,"Moderate","aff",2004,"Mild-Severe",12,245
"HarnessSensitivity",2,"Behavior",2,"Moderate","aff",2005,"Mild-Severe",15,238
"HarnessSensitivity",2,"Behavior",2,"Moderate","aff",2006,"Mild-Severe",10,273
"HarnessSensitivity",2,"Behavior",2,"Moderate","aff",2007,"Mild-Severe",13,202
"HarnessSensitivity",2,"Behavior",2,"Moderate","aff",2008,"Mild-Severe",8,200
"HarnessSensitivity",2,"Behavior",2,"Moderate","aff",2009,"Mild-Severe",14,239
"HarnessSensitivity",2,"Behavior",2,"Moderate","aff",2010,"Mild-Severe",17,276
"HarnessSensitivity",2,"Behavior",2,"Moderate","aff",2011,"Mild-Severe",30,310
"HarnessSensitivity",2,"Behavior",2,"Moderate","aff",2012,"Mild-Severe",16,320
"HarnessSensitivity",2,"Behavior",2,"Moderate","aff",2013,"Mild-Severe",18,330
"HarnessSensitivity",2,"Behavior",2,"Moderate","aff",2014,"Mild-Severe",13,333
"HarnessSensitivity",2,"Behavior",2,"Moderate","aff",2015,"Mild-Severe",19,336
"HarnessSensitivity",2,"Behavior",2,"Moderate","aff",2016,"Mild-Severe",15,323
"HarnessSensitivity",2,"Behavior",2,"Moderate","aff",2017,"Mild-Severe",17,338
"HarnessSensitivity",2,"Behavior",2,"Moderate","aff",2018,"Mild-Severe",11,279
"HarnessSensitivity",2,"Behavior",3,"Mild","un",2003,"Mild-Severe",7,163
"HarnessSensitivity",2,"Behavior",3,"Mild","un",2004,"Mild-Severe",19,245
"HarnessSensitivity",2,"Behavior",3,"Mild","un",2005,"Mild-Severe",15,238
"HarnessSensitivity",2,"Behavior",3,"Mild","un",2006,"Mild-Severe",18,273
"HarnessSensitivity",2,"Behavior",3,"Mild","un",2007,"Mild-Severe",13,202
"HarnessSensitivity",2,"Behavior",3,"Mild","un",2008,"Mild-Severe",8,200
"HarnessSensitivity",2,"Behavior",3,"Mild","un",2009,"Mild-Severe",16,239
"HarnessSensitivity",2,"Behavior",3,"Mild","un",2010,"Mild-Severe",25,276
"HarnessSensitivity",2,"Behavior",3,"Mild","un",2011,"Mild-Severe",34,310
"HarnessSensitivity",2,"Behavior",3,"Mild","un",2012,"Mild-Severe",17,320
"HarnessSensitivity",2,"Behavior",3,"Mild","un",2013,"Mild-Severe",23,330
"HarnessSensitivity",2,"Behavior",3,"Mild","un",2014,"Mild-Severe",25,333
"HarnessSensitivity",2,"Behavior",3,"Mild","un",2015,"Mild-Severe",24,336
"HarnessSensitivity",2,"Behavior",3,"Mild","un",2016,"Mild-Severe",35,323
"HarnessSensitivity",2,"Behavior",3,"Mild","un",2017,"Mild-Severe",20,338
"HarnessSensitivity",2,"Behavior",3,"Mild","un",2018,"Mild-Severe",17,279
"HarnessSensitivity",2,"Behavior",4,"V Mild","un",2003,"Mild-Severe",10,163
"HarnessSensitivity",2,"Behavior",4,"V Mild","un",2004,"Mild-Severe",20,245
"HarnessSensitivity",2,"Behavior",4,"V Mild","un",2005,"Mild-Severe",25,238
"HarnessSensitivity",2,"Behavior",4,"V Mild","un",2006,"Mild-Severe",40,273
"HarnessSensitivity",2,"Behavior",4,"V Mild","un",2007,"Mild-Severe",24,202
"HarnessSensitivity",2,"Behavior",4,"V Mild","un",2008,"Mild-Severe",23,200
"HarnessSensitivity",2,"Behavior",4,"V Mild","un",2009,"Mild-Severe",51,239
"HarnessSensitivity",2,"Behavior",4,"V Mild","un",2010,"Mild-Severe",65,276
"HarnessSensitivity",2,"Behavior",4,"V Mild","un",2011,"Mild-Severe",58,310
"HarnessSensitivity",2,"Behavior",4,"V Mild","un",2012,"Mild-Severe",63,320
"HarnessSensitivity",2,"Behavior",4,"V Mild","un",2013,"Mild-Severe",37,330
"HarnessSensitivity",2,"Behavior",4,"V Mild","un",2014,"Mild-Severe",59,333
"HarnessSensitivity",2,"Behavior",4,"V Mild","un",2015,"Mild-Severe",67,336
"HarnessSensitivity",2,"Behavior",4,"V Mild","un",2016,"Mild-Severe",68,323
"HarnessSensitivity",2,"Behavior",4,"V Mild","un",2017,"Mild-Severe",53,338
"HarnessSensitivity",2,"Behavior",4,"V Mild","un",2018,"Mild-Severe",45,279
"HarnessSensitivity",2,"Behavior",5,"Absent","un",2003,"Mild-Severe",131,163
"HarnessSensitivity",2,"Behavior",5,"Absent","un",2004,"Mild-Severe",189,245
"HarnessSensitivity",2,"Behavior",5,"Absent","un",2005,"Mild-Severe",177,238
"HarnessSensitivity",2,"Behavior",5,"Absent","un",2006,"Mild-Severe",196,273
"HarnessSensitivity",2,"Behavior",5,"Absent","un",2007,"Mild-Severe",151,202
"HarnessSensitivity",2,"Behavior",5,"Absent","un",2008,"Mild-Severe",154,200
"HarnessSensitivity",2,"Behavior",5,"Absent","un",2009,"Mild-Severe",148,239
"HarnessSensitivity",2,"Behavior",5,"Absent","un",2010,"Mild-Severe",152,276
"HarnessSensitivity",2,"Behavior",5,"Absent","un",2011,"Mild-Severe",170,310
"HarnessSensitivity",2,"Behavior",5,"Absent","un",2012,"Mild-Severe",219,320
"HarnessSensitivity",2,"Behavior",5,"Absent","un",2013,"Mild-Severe",249,330
"HarnessSensitivity",2,"Behavior",5,"Absent","un",2014,"Mild-Severe",221,333
"HarnessSensitivity",2,"Behavior",5,"Absent","un",2015,"Mild-Severe",214,336
"HarnessSensitivity",2,"Behavior",5,"Absent","un",2016,"Mild-Severe",196,323
"HarnessSensitivity",2,"Behavior",5,"Absent","un",2017,"Mild-Severe",240,338
"HarnessSensitivity",2,"Behavior",5,"Absent","un",2018,"Mild-Severe",203,279
"NoisePupTestScore",3,"Behavior",1,"Severe","aff",2010,"Mild-Severe",3,288
"NoisePupTestScore",3,"Behavior",1,"Severe","aff",2011,"Mild-Severe",2,398
"NoisePupTestScore",3,"Behavior",1,"Severe","aff",2012,"Mild-Severe",4,432
"NoisePupTestScore",3,"Behavior",1,"Severe","aff",2013,"Mild-Severe",2,476
"NoisePupTestScore",3,"Behavior",1,"Severe","aff",2014,"Mild-Severe",1,471
"NoisePupTestScore",3,"Behavior",1,"Severe","aff",2015,"Mild-Severe",0,463
"NoisePupTestScore",3,"Behavior",1,"Severe","aff",2016,"Mild-Severe",2,471
"NoisePupTestScore",3,"Behavior",1,"Severe","aff",2017,"Mild-Severe",18,495
"NoisePupTestScore",3,"Behavior",1,"Severe","aff",2018,"Mild-Severe",5,393
"NoisePupTestScore",3,"Behavior",2,"Moderate","aff",2010,"Mild-Severe",29,288
"NoisePupTestScore",3,"Behavior",2,"Moderate","aff",2011,"Mild-Severe",26,398
"NoisePupTestScore",3,"Behavior",2,"Moderate","aff",2012,"Mild-Severe",31,432
"NoisePupTestScore",3,"Behavior",2,"Moderate","aff",2013,"Mild-Severe",61,476
"NoisePupTestScore",3,"Behavior",2,"Moderate","aff",2014,"Mild-Severe",55,471
"NoisePupTestScore",3,"Behavior",2,"Moderate","aff",2015,"Mild-Severe",38,463
"NoisePupTestScore",3,"Behavior",2,"Moderate","aff",2016,"Mild-Severe",47,471
"NoisePupTestScore",3,"Behavior",2,"Moderate","aff",2017,"Mild-Severe",139,495
"NoisePupTestScore",3,"Behavior",2,"Moderate","aff",2018,"Mild-Severe",107,393
"NoisePupTestScore",3,"Behavior",3,"Mild","un",2010,"Mild-Severe",96,288
"NoisePupTestScore",3,"Behavior",3,"Mild","un",2011,"Mild-Severe",80,398
"NoisePupTestScore",3,"Behavior",3,"Mild","un",2012,"Mild-Severe",109,432
"NoisePupTestScore",3,"Behavior",3,"Mild","un",2013,"Mild-Severe",166,476
"NoisePupTestScore",3,"Behavior",3,"Mild","un",2014,"Mild-Severe",215,471
"NoisePupTestScore",3,"Behavior",3,"Mild","un",2015,"Mild-Severe",186,463
"NoisePupTestScore",3,"Behavior",3,"Mild","un",2016,"Mild-Severe",186,471
"NoisePupTestScore",3,"Behavior",3,"Mild","un",2017,"Mild-Severe",244,495
"NoisePupTestScore",3,"Behavior",3,"Mild","un",2018,"Mild-Severe",223,393
"NoisePupTestScore",3,"Behavior",4,"V Mild","un",2010,"Mild-Severe",70,288
"NoisePupTestScore",3,"Behavior",4,"V Mild","un",2011,"Mild-Severe",168,398
"NoisePupTestScore",3,"Behavior",4,"V Mild","un",2012,"Mild-Severe",178,432
"NoisePupTestScore",3,"Behavior",4,"V Mild","un",2013,"Mild-Severe",169,476
"NoisePupTestScore",3,"Behavior",4,"V Mild","un",2014,"Mild-Severe",162,471
"NoisePupTestScore",3,"Behavior",4,"V Mild","un",2015,"Mild-Severe",195,463
"NoisePupTestScore",3,"Behavior",4,"V Mild","un",2016,"Mild-Severe",190,471
"NoisePupTestScore",3,"Behavior",4,"V Mild","un",2017,"Mild-Severe",84,495
"NoisePupTestScore",3,"Behavior",4,"V Mild","un",2018,"Mild-Severe",56,393
"NoisePupTestScore",3,"Behavior",5,"Absent","un",2010,"Mild-Severe",90,288
"NoisePupTestScore",3,"Behavior",5,"Absent","un",2011,"Mild-Severe",122,398
"NoisePupTestScore",3,"Behavior",5,"Absent","un",2012,"Mild-Severe",110,432
"NoisePupTestScore",3,"Behavior",5,"Absent","un",2013,"Mild-Severe",78,476
"NoisePupTestScore",3,"Behavior",5,"Absent","un",2014,"Mild-Severe",38,471
"NoisePupTestScore",3,"Behavior",5,"Absent","un",2015,"Mild-Severe",44,463
"NoisePupTestScore",3,"Behavior",5,"Absent","un",2016,"Mild-Severe",46,471
"NoisePupTestScore",3,"Behavior",5,"Absent","un",2017,"Mild-Severe",10,495
"NoisePupTestScore",3,"Behavior",5,"Absent","un",2018,"Mild-Severe",2,393
"allergy_atopy",4,"Health",1,"Severe","aff",1991,"Mild-Severe",47,408
"allergy_atopy",4,"Health",1,"Severe","aff",1992,"Mild-Severe",54,413
"allergy_atopy",4,"Health",1,"Severe","aff",1993,"Mild-Severe",53,456
"allergy_atopy",4,"Health",1,"Severe","aff",1994,"Mild-Severe",71,421
"allergy_atopy",4,"Health",1,"Severe","aff",1995,"Mild-Severe",85,603
"allergy_atopy",4,"Health",1,"Severe","aff",1996,"Mild-Severe",97,529
"allergy_atopy",4,"Health",1,"Severe","aff",1997,"Mild-Severe",111,463
"allergy_atopy",4,"Health",1,"Severe","aff",1998,"Mild-Severe",121,542
"allergy_atopy",4,"Health",1,"Severe","aff",1999,"Mild-Severe",122,586
"allergy_atopy",4,"Health",1,"Severe","aff",2000,"Mild-Severe",93,511
"allergy_atopy",4,"Health",1,"Severe","aff",2001,"Mild-Severe",101,494
"allergy_atopy",4,"Health",1,"Severe","aff",2002,"Mild-Severe",155,509
"allergy_atopy",4,"Health",1,"Severe","aff",2003,"Mild-Severe",112,524
"allergy_atopy",4,"Health",1,"Severe","aff",2004,"Mild-Severe",115,566
"allergy_atopy",4,"Health",1,"Severe","aff",2005,"Mild-Severe",111,463
"allergy_atopy",4,"Health",1,"Severe","aff",2006,"Mild-Severe",114,501
"allergy_atopy",4,"Health",1,"Severe","aff",2007,"Mild-Severe",60,368
"allergy_atopy",4,"Health",1,"Severe","aff",2008,"Mild-Severe",69,347
"allergy_atopy",4,"Health",1,"Severe","aff",2009,"Mild-Severe",44,356
"allergy_atopy",4,"Health",1,"Severe","aff",2010,"Mild-Severe",46,350
"allergy_atopy",4,"Health",1,"Severe","aff",2011,"Mild-Severe",41,354
"allergy_atopy",4,"Health",1,"Severe","aff",2012,"Mild-Severe",38,376
"allergy_atopy",4,"Health",1,"Severe","aff",2013,"Mild-Severe",34,395
"allergy_atopy",4,"Health",1,"Severe","aff",2014,"Mild-Severe",40,405
"allergy_atopy",4,"Health",1,"Severe","aff",2015,"Mild-Severe",37,428
"allergy_atopy",4,"Health",1,"Severe","aff",2016,"Mild-Severe",52,425
"allergy_atopy",4,"Health",1,"Severe","aff",2017,"Mild-Severe",37,434
"allergy_atopy",4,"Health",1,"Severe","aff",2018,"Mild-Severe",26,337
"allergy_atopy",4,"Health",2,"Moderate","aff",1991,"Mild-Severe",18,408
"allergy_atopy",4,"Health",2,"Moderate","aff",1992,"Mild-Severe",19,413
"allergy_atopy",4,"Health",2,"Moderate","aff",1993,"Mild-Severe",38,456
"allergy_atopy",4,"Health",2,"Moderate","aff",1994,"Mild-Severe",20,421
"allergy_atopy",4,"Health",2,"Moderate","aff",1995,"Mild-Severe",30,603
"allergy_atopy",4,"Health",2,"Moderate","aff",1996,"Mild-Severe",22,529
"allergy_atopy",4,"Health",2,"Moderate","aff",1997,"Mild-Severe",30,463
"allergy_atopy",4,"Health",2,"Moderate","aff",1998,"Mild-Severe",26,542
"allergy_atopy",4,"Health",2,"Moderate","aff",1999,"Mild-Severe",31,586
"allergy_atopy",4,"Health",2,"Moderate","aff",2000,"Mild-Severe",20,511
"allergy_atopy",4,"Health",2,"Moderate","aff",2001,"Mild-Severe",23,494
"allergy_atopy",4,"Health",2,"Moderate","aff",2002,"Mild-Severe",30,509
"allergy_atopy",4,"Health",2,"Moderate","aff",2003,"Mild-Severe",48,524
"allergy_atopy",4,"Health",2,"Moderate","aff",2004,"Mild-Severe",41,566
"allergy_atopy",4,"Health",2,"Moderate","aff",2005,"Mild-Severe",34,463
"allergy_atopy",4,"Health",2,"Moderate","aff",2006,"Mild-Severe",34,501
"allergy_atopy",4,"Health",2,"Moderate","aff",2007,"Mild-Severe",24,368
"allergy_atopy",4,"Health",2,"Moderate","aff",2008,"Mild-Severe",15,347
"allergy_atopy",4,"Health",2,"Moderate","aff",2009,"Mild-Severe",24,356
"allergy_atopy",4,"Health",2,"Moderate","aff",2010,"Mild-Severe",13,350
"allergy_atopy",4,"Health",2,"Moderate","aff",2011,"Mild-Severe",23,354
"allergy_atopy",4,"Health",2,"Moderate","aff",2012,"Mild-Severe",21,376
"allergy_atopy",4,"Health",2,"Moderate","aff",2013,"Mild-Severe",18,395
"allergy_atopy",4,"Health",2,"Moderate","aff",2014,"Mild-Severe",11,405
"allergy_atopy",4,"Health",2,"Moderate","aff",2015,"Mild-Severe",23,428
"allergy_atopy",4,"Health",2,"Moderate","aff",2016,"Mild-Severe",23,425
"allergy_atopy",4,"Health",2,"Moderate","aff",2017,"Mild-Severe",23,434
"allergy_atopy",4,"Health",2,"Moderate","aff",2018,"Mild-Severe",18,337
"allergy_atopy",4,"Health",3,"Mild","un",1991,"Mild-Severe",43,408
"allergy_atopy",4,"Health",3,"Mild","un",1992,"Mild-Severe",53,413
"allergy_atopy",4,"Health",3,"Mild","un",1993,"Mild-Severe",107,456
"allergy_atopy",4,"Health",3,"Mild","un",1994,"Mild-Severe",125,421
"allergy_atopy",4,"Health",3,"Mild","un",1995,"Mild-Severe",200,603
"allergy_atopy",4,"Health",3,"Mild","un",1996,"Mild-Severe",192,529
"allergy_atopy",4,"Health",3,"Mild","un",1997,"Mild-Severe",156,463
"allergy_atopy",4,"Health",3,"Mild","un",1998,"Mild-Severe",204,542
"allergy_atopy",4,"Health",3,"Mild","un",1999,"Mild-Severe",211,586
"allergy_atopy",4,"Health",3,"Mild","un",2000,"Mild-Severe",171,511
"allergy_atopy",4,"Health",3,"Mild","un",2001,"Mild-Severe",183,494
"allergy_atopy",4,"Health",3,"Mild","un",2002,"Mild-Severe",192,509
"allergy_atopy",4,"Health",3,"Mild","un",2003,"Mild-Severe",239,524
"allergy_atopy",4,"Health",3,"Mild","un",2004,"Mild-Severe",279,566
"allergy_atopy",4,"Health",3,"Mild","un",2005,"Mild-Severe",228,463
"allergy_atopy",4,"Health",3,"Mild","un",2006,"Mild-Severe",273,501
"allergy_atopy",4,"Health",3,"Mild","un",2007,"Mild-Severe",214,368
"allergy_atopy",4,"Health",3,"Mild","un",2008,"Mild-Severe",189,347
"allergy_atopy",4,"Health",3,"Mild","un",2009,"Mild-Severe",198,356
"allergy_atopy",4,"Health",3,"Mild","un",2010,"Mild-Severe",193,350
"allergy_atopy",4,"Health",3,"Mild","un",2011,"Mild-Severe",203,354
"allergy_atopy",4,"Health",3,"Mild","un",2012,"Mild-Severe",217,376
"allergy_atopy",4,"Health",3,"Mild","un",2013,"Mild-Severe",223,395
"allergy_atopy",4,"Health",3,"Mild","un",2014,"Mild-Severe",215,405
"allergy_atopy",4,"Health",3,"Mild","un",2015,"Mild-Severe",224,428
"allergy_atopy",4,"Health",3,"Mild","un",2016,"Mild-Severe",217,425
"allergy_atopy",4,"Health",3,"Mild","un",2017,"Mild-Severe",246,434
"allergy_atopy",4,"Health",3,"Mild","un",2018,"Mild-Severe",197,337
"allergy_atopy",4,"Health",4,"V Mild","un",1991,"Mild-Severe",25,408
"allergy_atopy",4,"Health",4,"V Mild","un",1992,"Mild-Severe",35,413
"allergy_atopy",4,"Health",4,"V Mild","un",1993,"Mild-Severe",26,456
"allergy_atopy",4,"Health",4,"V Mild","un",1994,"Mild-Severe",18,421
"allergy_atopy",4,"Health",4,"V Mild","un",1995,"Mild-Severe",24,603
"allergy_atopy",4,"Health",4,"V Mild","un",1996,"Mild-Severe",29,529
"allergy_atopy",4,"Health",4,"V Mild","un",1997,"Mild-Severe",19,463
"allergy_atopy",4,"Health",4,"V Mild","un",1998,"Mild-Severe",33,542
"allergy_atopy",4,"Health",4,"V Mild","un",1999,"Mild-Severe",25,586
"allergy_atopy",4,"Health",4,"V Mild","un",2000,"Mild-Severe",24,511
"allergy_atopy",4,"Health",4,"V Mild","un",2001,"Mild-Severe",19,494
"allergy_atopy",4,"Health",4,"V Mild","un",2002,"Mild-Severe",25,509
"allergy_atopy",4,"Health",4,"V Mild","un",2003,"Mild-Severe",33,524
"allergy_atopy",4,"Health",4,"V Mild","un",2004,"Mild-Severe",33,566
"allergy_atopy",4,"Health",4,"V Mild","un",2005,"Mild-Severe",25,463
"allergy_atopy",4,"Health",4,"V Mild","un",2006,"Mild-Severe",20,501
"allergy_atopy",4,"Health",4,"V Mild","un",2007,"Mild-Severe",16,368
"allergy_atopy",4,"Health",4,"V Mild","un",2008,"Mild-Severe",23,347
"allergy_atopy",4,"Health",4,"V Mild","un",2009,"Mild-Severe",18,356
"allergy_atopy",4,"Health",4,"V Mild","un",2010,"Mild-Severe",24,350
"allergy_atopy",4,"Health",4,"V Mild","un",2011,"Mild-Severe",27,354
"allergy_atopy",4,"Health",4,"V Mild","un",2012,"Mild-Severe",33,376
"allergy_atopy",4,"Health",4,"V Mild","un",2013,"Mild-Severe",26,395
"allergy_atopy",4,"Health",4,"V Mild","un",2014,"Mild-Severe",23,405
"allergy_atopy",4,"Health",4,"V Mild","un",2015,"Mild-Severe",27,428
"allergy_atopy",4,"Health",4,"V Mild","un",2016,"Mild-Severe",39,425
"allergy_atopy",4,"Health",4,"V Mild","un",2017,"Mild-Severe",37,434
"allergy_atopy",4,"Health",4,"V Mild","un",2018,"Mild-Severe",32,337
"allergy_atopy",4,"Health",5,"Absent","un",1991,"Mild-Severe",275,408
"allergy_atopy",4,"Health",5,"Absent","un",1992,"Mild-Severe",252,413
"allergy_atopy",4,"Health",5,"Absent","un",1993,"Mild-Severe",232,456
"allergy_atopy",4,"Health",5,"Absent","un",1994,"Mild-Severe",187,421
"allergy_atopy",4,"Health",5,"Absent","un",1995,"Mild-Severe",264,603
"allergy_atopy",4,"Health",5,"Absent","un",1996,"Mild-Severe",189,529
"allergy_atopy",4,"Health",5,"Absent","un",1997,"Mild-Severe",147,463
"allergy_atopy",4,"Health",5,"Absent","un",1998,"Mild-Severe",158,542
"allergy_atopy",4,"Health",5,"Absent","un",1999,"Mild-Severe",197,586
"allergy_atopy",4,"Health",5,"Absent","un",2000,"Mild-Severe",203,511
"allergy_atopy",4,"Health",5,"Absent","un",2001,"Mild-Severe",168,494
"allergy_atopy",4,"Health",5,"Absent","un",2002,"Mild-Severe",107,509
"allergy_atopy",4,"Health",5,"Absent","un",2003,"Mild-Severe",92,524
"allergy_atopy",4,"Health",5,"Absent","un",2004,"Mild-Severe",98,566
"allergy_atopy",4,"Health",5,"Absent","un",2005,"Mild-Severe",65,463
"allergy_atopy",4,"Health",5,"Absent","un",2006,"Mild-Severe",60,501
"allergy_atopy",4,"Health",5,"Absent","un",2007,"Mild-Severe",54,368
"allergy_atopy",4,"Health",5,"Absent","un",2008,"Mild-Severe",51,347
"allergy_atopy",4,"Health",5,"Absent","un",2009,"Mild-Severe",72,356
"allergy_atopy",4,"Health",5,"Absent","un",2010,"Mild-Severe",74,350
"allergy_atopy",4,"Health",5,"Absent","un",2011,"Mild-Severe",60,354
"allergy_atopy",4,"Health",5,"Absent","un",2012,"Mild-Severe",67,376
"allergy_atopy",4,"Health",5,"Absent","un",2013,"Mild-Severe",94,395
"allergy_atopy",4,"Health",5,"Absent","un",2014,"Mild-Severe",116,405
"allergy_atopy",4,"Health",5,"Absent","un",2015,"Mild-Severe",117,428
"allergy_atopy",4,"Health",5,"Absent","un",2016,"Mild-Severe",94,425
"allergy_atopy",4,"Health",5,"Absent","un",2017,"Mild-Severe",91,434
"allergy_atopy",4,"Health",5,"Absent","un",2018,"Mild-Severe",64,337
"Elbow dysplasia",5,"Health",1,"grade 3","aff",1991,"Elbow",8,322
"Elbow dysplasia",5,"Health",1,"grade 3","aff",1992,"Elbow",14,379
"Elbow dysplasia",5,"Health",1,"grade 3","aff",1993,"Elbow",5,430
"Elbow dysplasia",5,"Health",1,"grade 3","aff",1994,"Elbow",4,403
"Elbow dysplasia",5,"Health",1,"grade 3","aff",1995,"Elbow",18,536
"Elbow dysplasia",5,"Health",1,"grade 3","aff",1996,"Elbow",11,461
"Elbow dysplasia",5,"Health",1,"grade 3","aff",1997,"Elbow",2,409
"Elbow dysplasia",5,"Health",1,"grade 3","aff",1998,"Elbow",10,485
"Elbow dysplasia",5,"Health",1,"grade 3","aff",1999,"Elbow",2,495
"Elbow dysplasia",5,"Health",1,"grade 3","aff",2000,"Elbow",3,242
"Elbow dysplasia",5,"Health",1,"grade 3","aff",2001,"Elbow",3,350
"Elbow dysplasia",5,"Health",1,"grade 3","aff",2002,"Elbow",0,380
"Elbow dysplasia",5,"Health",1,"grade 3","aff",2003,"Elbow",1,428
"Elbow dysplasia",5,"Health",1,"grade 3","aff",2004,"Elbow",0,511
"Elbow dysplasia",5,"Health",1,"grade 3","aff",2005,"Elbow",3,437
"Elbow dysplasia",5,"Health",1,"grade 3","aff",2006,"Elbow",2,464
"Elbow dysplasia",5,"Health",1,"grade 3","aff",2007,"Elbow",0,364
"Elbow dysplasia",5,"Health",1,"grade 3","aff",2008,"Elbow",0,369
"Elbow dysplasia",5,"Health",1,"grade 3","aff",2009,"Elbow",2,354
"Elbow dysplasia",5,"Health",1,"grade 3","aff",2010,"Elbow",0,345
"Elbow dysplasia",5,"Health",1,"grade 3","aff",2011,"Elbow",0,395
"Elbow dysplasia",5,"Health",1,"grade 3","aff",2012,"Elbow",0,401
"Elbow dysplasia",5,"Health",1,"grade 3","aff",2013,"Elbow",0,392
"Elbow dysplasia",5,"Health",1,"grade 3","aff",2014,"Elbow",2,479
"Elbow dysplasia",5,"Health",1,"grade 3","aff",2015,"Elbow",0,453
"Elbow dysplasia",5,"Health",1,"grade 3","aff",2016,"Elbow",3,394
"Elbow dysplasia",5,"Health",1,"grade 3","aff",2017,"Elbow",1,417
"Elbow dysplasia",5,"Health",1,"grade 3","aff",2018,"Elbow",0,308
"Elbow dysplasia",5,"Health",2,"grade 2","aff",1991,"Elbow",5,322
"Elbow dysplasia",5,"Health",2,"grade 2","aff",1992,"Elbow",5,379
"Elbow dysplasia",5,"Health",2,"grade 2","aff",1993,"Elbow",7,430
"Elbow dysplasia",5,"Health",2,"grade 2","aff",1994,"Elbow",0,403
"Elbow dysplasia",5,"Health",2,"grade 2","aff",1995,"Elbow",7,536
"Elbow dysplasia",5,"Health",2,"grade 2","aff",1996,"Elbow",8,461
"Elbow dysplasia",5,"Health",2,"grade 2","aff",1997,"Elbow",7,409
"Elbow dysplasia",5,"Health",2,"grade 2","aff",1998,"Elbow",6,485
"Elbow dysplasia",5,"Health",2,"grade 2","aff",1999,"Elbow",7,495
"Elbow dysplasia",5,"Health",2,"grade 2","aff",2000,"Elbow",5,242
"Elbow dysplasia",5,"Health",2,"grade 2","aff",2001,"Elbow",9,350
"Elbow dysplasia",5,"Health",2,"grade 2","aff",2002,"Elbow",2,380
"Elbow dysplasia",5,"Health",2,"grade 2","aff",2003,"Elbow",4,428
"Elbow dysplasia",5,"Health",2,"grade 2","aff",2004,"Elbow",4,511
"Elbow dysplasia",5,"Health",2,"grade 2","aff",2005,"Elbow",8,437
"Elbow dysplasia",5,"Health",2,"grade 2","aff",2006,"Elbow",0,464
"Elbow dysplasia",5,"Health",2,"grade 2","aff",2007,"Elbow",1,364
"Elbow dysplasia",5,"Health",2,"grade 2","aff",2008,"Elbow",2,369
"Elbow dysplasia",5,"Health",2,"grade 2","aff",2009,"Elbow",2,354
"Elbow dysplasia",5,"Health",2,"grade 2","aff",2010,"Elbow",2,345
"Elbow dysplasia",5,"Health",2,"grade 2","aff",2011,"Elbow",1,395
"Elbow dysplasia",5,"Health",2,"grade 2","aff",2012,"Elbow",2,401
"Elbow dysplasia",5,"Health",2,"grade 2","aff",2013,"Elbow",0,392
"Elbow dysplasia",5,"Health",2,"grade 2","aff",2014,"Elbow",3,479
"Elbow dysplasia",5,"Health",2,"grade 2","aff",2015,"Elbow",0,453
"Elbow dysplasia",5,"Health",2,"grade 2","aff",2016,"Elbow",1,394
"Elbow dysplasia",5,"Health",2,"grade 2","aff",2017,"Elbow",1,417
"Elbow dysplasia",5,"Health",2,"grade 2","aff",2018,"Elbow",0,308
"Elbow dysplasia",5,"Health",3,"borderline/grade 1","aff",1991,"Elbow",19,322
"Elbow dysplasia",5,"Health",3,"borderline/grade 1","aff",1992,"Elbow",8,379
"Elbow dysplasia",5,"Health",3,"borderline/grade 1","aff",1993,"Elbow",10,430
"Elbow dysplasia",5,"Health",3,"borderline/grade 1","aff",1994,"Elbow",6,403
"Elbow dysplasia",5,"Health",3,"borderline/grade 1","aff",1995,"Elbow",16,536
"Elbow dysplasia",5,"Health",3,"borderline/grade 1","aff",1996,"Elbow",19,461
"Elbow dysplasia",5,"Health",3,"borderline/grade 1","aff",1997,"Elbow",23,409
"Elbow dysplasia",5,"Health",3,"borderline/grade 1","aff",1998,"Elbow",13,485
"Elbow dysplasia",5,"Health",3,"borderline/grade 1","aff",1999,"Elbow",18,495
"Elbow dysplasia",5,"Health",3,"borderline/grade 1","aff",2000,"Elbow",12,242
"Elbow dysplasia",5,"Health",3,"borderline/grade 1","aff",2001,"Elbow",18,350
"Elbow dysplasia",5,"Health",3,"borderline/grade 1","aff",2002,"Elbow",12,380
"Elbow dysplasia",5,"Health",3,"borderline/grade 1","aff",2003,"Elbow",14,428
"Elbow dysplasia",5,"Health",3,"borderline/grade 1","aff",2004,"Elbow",22,511
"Elbow dysplasia",5,"Health",3,"borderline/grade 1","aff",2005,"Elbow",22,437
"Elbow dysplasia",5,"Health",3,"borderline/grade 1","aff",2006,"Elbow",9,464
"Elbow dysplasia",5,"Health",3,"borderline/grade 1","aff",2007,"Elbow",9,364
"Elbow dysplasia",5,"Health",3,"borderline/grade 1","aff",2008,"Elbow",6,369
"Elbow dysplasia",5,"Health",3,"borderline/grade 1","aff",2009,"Elbow",3,354
"Elbow dysplasia",5,"Health",3,"borderline/grade 1","aff",2010,"Elbow",3,345
"Elbow dysplasia",5,"Health",3,"borderline/grade 1","aff",2011,"Elbow",4,395
"Elbow dysplasia",5,"Health",3,"borderline/grade 1","aff",2012,"Elbow",2,401
"Elbow dysplasia",5,"Health",3,"borderline/grade 1","aff",2013,"Elbow",1,392
"Elbow dysplasia",5,"Health",3,"borderline/grade 1","aff",2014,"Elbow",8,479
"Elbow dysplasia",5,"Health",3,"borderline/grade 1","aff",2015,"Elbow",2,453
"Elbow dysplasia",5,"Health",3,"borderline/grade 1","aff",2016,"Elbow",0,394
"Elbow dysplasia",5,"Health",3,"borderline/grade 1","aff",2017,"Elbow",0,417
"Elbow dysplasia",5,"Health",3,"borderline/grade 1","aff",2018,"Elbow",0,308
"Elbow dysplasia",5,"Health",5,"normal","un",1991,"Elbow",290,322
"Elbow dysplasia",5,"Health",5,"normal","un",1992,"Elbow",352,379
"Elbow dysplasia",5,"Health",5,"normal","un",1993,"Elbow",408,430
"Elbow dysplasia",5,"Health",5,"normal","un",1994,"Elbow",393,403
"Elbow dysplasia",5,"Health",5,"normal","un",1995,"Elbow",495,536
"Elbow dysplasia",5,"Health",5,"normal","un",1996,"Elbow",423,461
"Elbow dysplasia",5,"Health",5,"normal","un",1997,"Elbow",377,409
"Elbow dysplasia",5,"Health",5,"normal","un",1998,"Elbow",456,485
"Elbow dysplasia",5,"Health",5,"normal","un",1999,"Elbow",468,495
"Elbow dysplasia",5,"Health",5,"normal","un",2000,"Elbow",222,242
"Elbow dysplasia",5,"Health",5,"normal","un",2001,"Elbow",320,350
"Elbow dysplasia",5,"Health",5,"normal","un",2002,"Elbow",366,380
"Elbow dysplasia",5,"Health",5,"normal","un",2003,"Elbow",409,428
"Elbow dysplasia",5,"Health",5,"normal","un",2004,"Elbow",485,511
"Elbow dysplasia",5,"Health",5,"normal","un",2005,"Elbow",404,437
"Elbow dysplasia",5,"Health",5,"normal","un",2006,"Elbow",453,464
"Elbow dysplasia",5,"Health",5,"normal","un",2007,"Elbow",354,364
"Elbow dysplasia",5,"Health",5,"normal","un",2008,"Elbow",361,369
"Elbow dysplasia",5,"Health",5,"normal","un",2009,"Elbow",347,354
"Elbow dysplasia",5,"Health",5,"normal","un",2010,"Elbow",340,345
"Elbow dysplasia",5,"Health",5,"normal","un",2011,"Elbow",390,395
"Elbow dysplasia",5,"Health",5,"normal","un",2012,"Elbow",397,401
"Elbow dysplasia",5,"Health",5,"normal","un",2013,"Elbow",391,392
"Elbow dysplasia",5,"Health",5,"normal","un",2014,"Elbow",466,479
"Elbow dysplasia",5,"Health",5,"normal","un",2015,"Elbow",451,453
"Elbow dysplasia",5,"Health",5,"normal","un",2016,"Elbow",390,394
"Elbow dysplasia",5,"Health",5,"normal","un",2017,"Elbow",415,417
"Elbow dysplasia",5,"Health",5,"normal","un",2018,"Elbow",308,308
"Epilepsy",6,"Health",1,"Affected","aff",1991,"Normal-Affected",15,404
"Epilepsy",6,"Health",1,"Affected","aff",1992,"Normal-Affected",8,409
"Epilepsy",6,"Health",1,"Affected","aff",1993,"Normal-Affected",5,457
"Epilepsy",6,"Health",1,"Affected","aff",1994,"Normal-Affected",9,416
"Epilepsy",6,"Health",1,"Affected","aff",1995,"Normal-Affected",14,599
"Epilepsy",6,"Health",1,"Affected","aff",1996,"Normal-Affected",11,519
"Epilepsy",6,"Health",1,"Affected","aff",1997,"Normal-Affected",11,460
"Epilepsy",6,"Health",1,"Affected","aff",1998,"Normal-Affected",23,538
"Epilepsy",6,"Health",1,"Affected","aff",1999,"Normal-Affected",30,579
"Epilepsy",6,"Health",1,"Affected","aff",2000,"Normal-Affected",7,509
"Epilepsy",6,"Health",1,"Affected","aff",2001,"Normal-Affected",11,494
"Epilepsy",6,"Health",1,"Affected","aff",2002,"Normal-Affected",5,500
"Epilepsy",6,"Health",1,"Affected","aff",2003,"Normal-Affected",8,502
"Epilepsy",6,"Health",1,"Affected","aff",2004,"Normal-Affected",4,545
"Epilepsy",6,"Health",1,"Affected","aff",2005,"Normal-Affected",6,435
"Epilepsy",6,"Health",1,"Affected","aff",2006,"Normal-Affected",4,468
"Epilepsy",6,"Health",1,"Affected","aff",2007,"Normal-Affected",2,341
"Epilepsy",6,"Health",1,"Affected","aff",2008,"Normal-Affected",3,323
"Epilepsy",6,"Health",1,"Affected","aff",2009,"Normal-Affected",5,345
"Epilepsy",6,"Health",1,"Affected","aff",2010,"Normal-Affected",5,334
"Epilepsy",6,"Health",1,"Affected","aff",2011,"Normal-Affected",2,344
"Epilepsy",6,"Health",1,"Affected","aff",2012,"Normal-Affected",2,363
"Epilepsy",6,"Health",1,"Affected","aff",2013,"Normal-Affected",7,388
"Epilepsy",6,"Health",1,"Affected","aff",2014,"Normal-Affected",1,402
"Epilepsy",6,"Health",1,"Affected","aff",2015,"Normal-Affected",4,418
"Epilepsy",6,"Health",1,"Affected","aff",2016,"Normal-Affected",4,411
"Epilepsy",6,"Health",1,"Affected","aff",2017,"Normal-Affected",1,410
"Epilepsy",6,"Health",1,"Affected","aff",2018,"Normal-Affected",2,311
"Epilepsy",6,"Health",2,"Suspected","aff",1991,"Normal-Affected",1,404
"Epilepsy",6,"Health",2,"Suspected","aff",1992,"Normal-Affected",3,409
"Epilepsy",6,"Health",2,"Suspected","aff",1993,"Normal-Affected",3,457
"Epilepsy",6,"Health",2,"Suspected","aff",1994,"Normal-Affected",0,416
"Epilepsy",6,"Health",2,"Suspected","aff",1995,"Normal-Affected",0,599
"Epilepsy",6,"Health",2,"Suspected","aff",1996,"Normal-Affected",3,519
"Epilepsy",6,"Health",2,"Suspected","aff",1997,"Normal-Affected",6,460
"Epilepsy",6,"Health",2,"Suspected","aff",1998,"Normal-Affected",9,538
"Epilepsy",6,"Health",2,"Suspected","aff",1999,"Normal-Affected",13,579
"Epilepsy",6,"Health",2,"Suspected","aff",2000,"Normal-Affected",11,509
"Epilepsy",6,"Health",2,"Suspected","aff",2001,"Normal-Affected",9,494
"Epilepsy",6,"Health",2,"Suspected","aff",2002,"Normal-Affected",6,500
"Epilepsy",6,"Health",2,"Suspected","aff",2003,"Normal-Affected",8,502
"Epilepsy",6,"Health",2,"Suspected","aff",2004,"Normal-Affected",12,545
"Epilepsy",6,"Health",2,"Suspected","aff",2005,"Normal-Affected",8,435
"Epilepsy",6,"Health",2,"Suspected","aff",2006,"Normal-Affected",17,468
"Epilepsy",6,"Health",2,"Suspected","aff",2007,"Normal-Affected",8,341
"Epilepsy",6,"Health",2,"Suspected","aff",2008,"Normal-Affected",6,323
"Epilepsy",6,"Health",2,"Suspected","aff",2009,"Normal-Affected",10,345
"Epilepsy",6,"Health",2,"Suspected","aff",2010,"Normal-Affected",4,334
"Epilepsy",6,"Health",2,"Suspected","aff",2011,"Normal-Affected",4,344
"Epilepsy",6,"Health",2,"Suspected","aff",2012,"Normal-Affected",7,363
"Epilepsy",6,"Health",2,"Suspected","aff",2013,"Normal-Affected",2,388
"Epilepsy",6,"Health",2,"Suspected","aff",2014,"Normal-Affected",8,402
"Epilepsy",6,"Health",2,"Suspected","aff",2015,"Normal-Affected",6,418
"Epilepsy",6,"Health",2,"Suspected","aff",2016,"Normal-Affected",1,411
"Epilepsy",6,"Health",2,"Suspected","aff",2017,"Normal-Affected",3,410
"Epilepsy",6,"Health",2,"Suspected","aff",2018,"Normal-Affected",3,311
"Epilepsy",6,"Health",3,"Normal","un",1991,"Normal-Affected",388,404
"Epilepsy",6,"Health",3,"Normal","un",1992,"Normal-Affected",398,409
"Epilepsy",6,"Health",3,"Normal","un",1993,"Normal-Affected",449,457
"Epilepsy",6,"Health",3,"Normal","un",1994,"Normal-Affected",407,416
"Epilepsy",6,"Health",3,"Normal","un",1995,"Normal-Affected",585,599
"Epilepsy",6,"Health",3,"Normal","un",1996,"Normal-Affected",505,519
"Epilepsy",6,"Health",3,"Normal","un",1997,"Normal-Affected",443,460
"Epilepsy",6,"Health",3,"Normal","un",1998,"Normal-Affected",506,538
"Epilepsy",6,"Health",3,"Normal","un",1999,"Normal-Affected",536,579
"Epilepsy",6,"Health",3,"Normal","un",2000,"Normal-Affected",491,509
"Epilepsy",6,"Health",3,"Normal","un",2001,"Normal-Affected",474,494
"Epilepsy",6,"Health",3,"Normal","un",2002,"Normal-Affected",489,500
"Epilepsy",6,"Health",3,"Normal","un",2003,"Normal-Affected",486,502
"Epilepsy",6,"Health",3,"Normal","un",2004,"Normal-Affected",529,545
"Epilepsy",6,"Health",3,"Normal","un",2005,"Normal-Affected",421,435
"Epilepsy",6,"Health",3,"Normal","un",2006,"Normal-Affected",447,468
"Epilepsy",6,"Health",3,"Normal","un",2007,"Normal-Affected",331,341
"Epilepsy",6,"Health",3,"Normal","un",2008,"Normal-Affected",314,323
"Epilepsy",6,"Health",3,"Normal","un",2009,"Normal-Affected",330,345
"Epilepsy",6,"Health",3,"Normal","un",2010,"Normal-Affected",325,334
"Epilepsy",6,"Health",3,"Normal","un",2011,"Normal-Affected",338,344
"Epilepsy",6,"Health",3,"Normal","un",2012,"Normal-Affected",354,363
"Epilepsy",6,"Health",3,"Normal","un",2013,"Normal-Affected",379,388
"Epilepsy",6,"Health",3,"Normal","un",2014,"Normal-Affected",393,402
"Epilepsy",6,"Health",3,"Normal","un",2015,"Normal-Affected",408,418
"Epilepsy",6,"Health",3,"Normal","un",2016,"Normal-Affected",406,411
"Epilepsy",6,"Health",3,"Normal","un",2017,"Normal-Affected",406,410
"Epilepsy",6,"Health",3,"Normal","un",2018,"Normal-Affected",306,311
"SoftTrachea",7,"Health",1,"Affected","aff",2001,"Normal-Affected",6,511
"SoftTrachea",7,"Health",1,"Affected","aff",2002,"Normal-Affected",6,522
"SoftTrachea",7,"Health",1,"Affected","aff",2003,"Normal-Affected",9,552
"SoftTrachea",7,"Health",1,"Affected","aff",2004,"Normal-Affected",5,586
"SoftTrachea",7,"Health",1,"Affected","aff",2005,"Normal-Affected",7,459
"SoftTrachea",7,"Health",1,"Affected","aff",2006,"Normal-Affected",4,494
"SoftTrachea",7,"Health",1,"Affected","aff",2007,"Normal-Affected",5,372
"SoftTrachea",7,"Health",1,"Affected","aff",2008,"Normal-Affected",3,360
"SoftTrachea",7,"Health",1,"Affected","aff",2009,"Normal-Affected",2,371
"SoftTrachea",7,"Health",1,"Affected","aff",2010,"Normal-Affected",2,362
"SoftTrachea",7,"Health",1,"Affected","aff",2011,"Normal-Affected",2,367
"SoftTrachea",7,"Health",1,"Affected","aff",2012,"Normal-Affected",4,377
"SoftTrachea",7,"Health",1,"Affected","aff",2013,"Normal-Affected",4,391
"SoftTrachea",7,"Health",1,"Affected","aff",2014,"Normal-Affected",0,405
"SoftTrachea",7,"Health",1,"Affected","aff",2015,"Normal-Affected",2,418
"SoftTrachea",7,"Health",1,"Affected","aff",2016,"Normal-Affected",3,410
"SoftTrachea",7,"Health",1,"Affected","aff",2017,"Normal-Affected",2,412
"SoftTrachea",7,"Health",1,"Affected","aff",2018,"Normal-Affected",2,310
"SoftTrachea",7,"Health",2,"Suspected","aff",2001,"Normal-Affected",15,511
"SoftTrachea",7,"Health",2,"Suspected","aff",2002,"Normal-Affected",13,522
"SoftTrachea",7,"Health",2,"Suspected","aff",2003,"Normal-Affected",33,552
"SoftTrachea",7,"Health",2,"Suspected","aff",2004,"Normal-Affected",42,586
"SoftTrachea",7,"Health",2,"Suspected","aff",2005,"Normal-Affected",14,459
"SoftTrachea",7,"Health",2,"Suspected","aff",2006,"Normal-Affected",13,494
"SoftTrachea",7,"Health",2,"Suspected","aff",2007,"Normal-Affected",7,372
"SoftTrachea",7,"Health",2,"Suspected","aff",2008,"Normal-Affected",4,360
"SoftTrachea",7,"Health",2,"Suspected","aff",2009,"Normal-Affected",5,371
"SoftTrachea",7,"Health",2,"Suspected","aff",2010,"Normal-Affected",2,362
"SoftTrachea",7,"Health",2,"Suspected","aff",2011,"Normal-Affected",2,367
"SoftTrachea",7,"Health",2,"Suspected","aff",2012,"Normal-Affected",2,377
"SoftTrachea",7,"Health",2,"Suspected","aff",2013,"Normal-Affected",5,391
"SoftTrachea",7,"Health",2,"Suspected","aff",2014,"Normal-Affected",0,405
"SoftTrachea",7,"Health",2,"Suspected","aff",2015,"Normal-Affected",2,418
"SoftTrachea",7,"Health",2,"Suspected","aff",2016,"Normal-Affected",2,410
"SoftTrachea",7,"Health",2,"Suspected","aff",2017,"Normal-Affected",3,412
"SoftTrachea",7,"Health",2,"Suspected","aff",2018,"Normal-Affected",1,310
"SoftTrachea",7,"Health",3,"Normal","un",2001,"Normal-Affected",490,511
"SoftTrachea",7,"Health",3,"Normal","un",2002,"Normal-Affected",503,522
"SoftTrachea",7,"Health",3,"Normal","un",2003,"Normal-Affected",510,552
"SoftTrachea",7,"Health",3,"Normal","un",2004,"Normal-Affected",539,586
"SoftTrachea",7,"Health",3,"Normal","un",2005,"Normal-Affected",438,459
"SoftTrachea",7,"Health",3,"Normal","un",2006,"Normal-Affected",477,494
"SoftTrachea",7,"Health",3,"Normal","un",2007,"Normal-Affected",360,372
"SoftTrachea",7,"Health",3,"Normal","un",2008,"Normal-Affected",353,360
"SoftTrachea",7,"Health",3,"Normal","un",2009,"Normal-Affected",364,371
"SoftTrachea",7,"Health",3,"Normal","un",2010,"Normal-Affected",358,362
"SoftTrachea",7,"Health",3,"Normal","un",2011,"Normal-Affected",363,367
"SoftTrachea",7,"Health",3,"Normal","un",2012,"Normal-Affected",371,377
"SoftTrachea",7,"Health",3,"Normal","un",2013,"Normal-Affected",382,391
"SoftTrachea",7,"Health",3,"Normal","un",2014,"Normal-Affected",405,405
"SoftTrachea",7,"Health",3,"Normal","un",2015,"Normal-Affected",414,418
"SoftTrachea",7,"Health",3,"Normal","un",2016,"Normal-Affected",405,410
"SoftTrachea",7,"Health",3,"Normal","un",2017,"Normal-Affected",407,412
"SoftTrachea",7,"Health",3,"Normal","un",2018,"Normal-Affected",307,310
"success of live birth",8,"Success",1,"Released","un",1991,"Success",51,505
"success of live birth",8,"Success",1,"Released","un",1992,"Success",59,520
"success of live birth",8,"Success",1,"Released","un",1993,"Success",40,526
"success of live birth",8,"Success",1,"Released","un",1994,"Success",67,483
"success of live birth",8,"Success",1,"Released","un",1995,"Success",107,659
"success of live birth",8,"Success",1,"Released","un",1996,"Success",81,549
"success of live birth",8,"Success",1,"Released","un",1997,"Success",69,493
"success of live birth",8,"Success",1,"Released","un",1998,"Success",105,574
"success of live birth",8,"Success",1,"Released","un",1999,"Success",122,618
"success of live birth",8,"Success",1,"Released","un",2000,"Success",169,510
"success of live birth",8,"Success",1,"Released","un",2001,"Success",190,499
"success of live birth",8,"Success",1,"Released","un",2002,"Success",199,519
"success of live birth",8,"Success",1,"Released","un",2003,"Success",213,559
"success of live birth",8,"Success",1,"Released","un",2004,"Success",242,630
"success of live birth",8,"Success",1,"Released","un",2005,"Success",199,529
"success of live birth",8,"Success",1,"Released","un",2006,"Success",201,563
"success of live birth",8,"Success",1,"Released","un",2007,"Success",133,412
"success of live birth",8,"Success",1,"Released","un",2008,"Success",157,406
"success of live birth",8,"Success",1,"Released","un",2009,"Success",136,411
"success of live birth",8,"Success",1,"Released","un",2010,"Success",100,381
"success of live birth",8,"Success",1,"Released","un",2011,"Success",102,404
"success of live birth",8,"Success",1,"Released","un",2012,"Success",137,454
"success of live birth",8,"Success",1,"Released","un",2013,"Success",196,508
"success of live birth",8,"Success",1,"Released","un",2014,"Success",159,483
"success of live birth",8,"Success",1,"Released","un",2015,"Success",88,445
"success of live birth",8,"Success",1,"Released","un",2016,"Success",102,439
"success of live birth",8,"Success",1,"Released","un",2017,"Success",112,469
"success of live birth",8,"Success",1,"Released","un",2018,"Success",68,375
"success of live birth",8,"Success",2,"Released raised by GEB","un",1991,"Success",249,505
"success of live birth",8,"Success",2,"Released raised by GEB","un",1992,"Success",295,520
"success of live birth",8,"Success",2,"Released raised by GEB","un",1993,"Success",314,526
"success of live birth",8,"Success",2,"Released raised by GEB","un",1994,"Success",246,483
"success of live birth",8,"Success",2,"Released raised by GEB","un",1995,"Success",308,659
"success of live birth",8,"Success",2,"Released raised by GEB","un",1996,"Success",289,549
"success of live birth",8,"Success",2,"Released raised by GEB","un",1997,"Success",255,493
"success of live birth",8,"Success",2,"Released raised by GEB","un",1998,"Success",290,574
"success of live birth",8,"Success",2,"Released raised by GEB","un",1999,"Success",306,618
"success of live birth",8,"Success",2,"Released raised by GEB","un",2000,"Success",213,510
"success of live birth",8,"Success",2,"Released raised by GEB","un",2001,"Success",191,499
"success of live birth",8,"Success",2,"Released raised by GEB","un",2002,"Success",182,519
"success of live birth",8,"Success",2,"Released raised by GEB","un",2003,"Success",210,559
"success of live birth",8,"Success",2,"Released raised by GEB","un",2004,"Success",233,630
"success of live birth",8,"Success",2,"Released raised by GEB","un",2005,"Success",158,529
"success of live birth",8,"Success",2,"Released raised by GEB","un",2006,"Success",190,563
"success of live birth",8,"Success",2,"Released raised by GEB","un",2007,"Success",154,412
"success of live birth",8,"Success",2,"Released raised by GEB","un",2008,"Success",116,406
"success of live birth",8,"Success",2,"Released raised by GEB","un",2009,"Success",123,411
"success of live birth",8,"Success",2,"Released raised by GEB","un",2010,"Success",127,381
"success of live birth",8,"Success",2,"Released raised by GEB","un",2011,"Success",134,404
"success of live birth",8,"Success",2,"Released raised by GEB","un",2012,"Success",160,454
"success of live birth",8,"Success",2,"Released raised by GEB","un",2013,"Success",161,508
"success of live birth",8,"Success",2,"Released raised by GEB","un",2014,"Success",170,483
"success of live birth",8,"Success",2,"Released raised by GEB","un",2015,"Success",164,445
"success of live birth",8,"Success",2,"Released raised by GEB","un",2016,"Success",164,439
"success of live birth",8,"Success",2,"Released raised by GEB","un",2017,"Success",200,469
"success of live birth",8,"Success",2,"Released raised by GEB","un",2018,"Success",156,375
"success of live birth",8,"Success",3,"Used","aff",1991,"Success",205,505
"success of live birth",8,"Success",3,"Used","aff",1992,"Success",166,520
"success of live birth",8,"Success",3,"Used","aff",1993,"Success",172,526
"success of live birth",8,"Success",3,"Used","aff",1994,"Success",170,483
"success of live birth",8,"Success",3,"Used","aff",1995,"Success",244,659
"success of live birth",8,"Success",3,"Used","aff",1996,"Success",179,549
"success of live birth",8,"Success",3,"Used","aff",1997,"Success",169,493
"success of live birth",8,"Success",3,"Used","aff",1998,"Success",179,574
"success of live birth",8,"Success",3,"Used","aff",1999,"Success",190,618
"success of live birth",8,"Success",3,"Used","aff",2000,"Success",128,510
"success of live birth",8,"Success",3,"Used","aff",2001,"Success",118,499
"success of live birth",8,"Success",3,"Used","aff",2002,"Success",138,519
"success of live birth",8,"Success",3,"Used","aff",2003,"Success",136,559
"success of live birth",8,"Success",3,"Used","aff",2004,"Success",155,630
"success of live birth",8,"Success",3,"Used","aff",2005,"Success",172,529
"success of live birth",8,"Success",3,"Used","aff",2006,"Success",172,563
"success of live birth",8,"Success",3,"Used","aff",2007,"Success",125,412
"success of live birth",8,"Success",3,"Used","aff",2008,"Success",133,406
"success of live birth",8,"Success",3,"Used","aff",2009,"Success",152,411
"success of live birth",8,"Success",3,"Used","aff",2010,"Success",154,381
"success of live birth",8,"Success",3,"Used","aff",2011,"Success",168,404
"success of live birth",8,"Success",3,"Used","aff",2012,"Success",157,454
"success of live birth",8,"Success",3,"Used","aff",2013,"Success",151,508
"success of live birth",8,"Success",3,"Used","aff",2014,"Success",154,483
"success of live birth",8,"Success",3,"Used","aff",2015,"Success",193,445
"success of live birth",8,"Success",3,"Used","aff",2016,"Success",173,439
"success of live birth",8,"Success",3,"Used","aff",2017,"Success",157,469
"success of live birth",8,"Success",3,"Used","aff",2018,"Success",151,375
"success of pups raised",8,"Success",2,"Released raised by GEB","un",1991,"Success",249,454
"success of pups raised",8,"Success",2,"Released raised by GEB","un",1992,"Success",295,461
"success of pups raised",8,"Success",2,"Released raised by GEB","un",1993,"Success",314,486
"success of pups raised",8,"Success",2,"Released raised by GEB","un",1994,"Success",246,416
"success of pups raised",8,"Success",2,"Released raised by GEB","un",1995,"Success",308,552
"success of pups raised",8,"Success",2,"Released raised by GEB","un",1996,"Success",289,468
"success of pups raised",8,"Success",2,"Released raised by GEB","un",1997,"Success",255,424
"success of pups raised",8,"Success",2,"Released raised by GEB","un",1998,"Success",290,469
"success of pups raised",8,"Success",2,"Released raised by GEB","un",1999,"Success",306,496
"success of pups raised",8,"Success",2,"Released raised by GEB","un",2000,"Success",213,341
"success of pups raised",8,"Success",2,"Released raised by GEB","un",2001,"Success",191,309
"success of pups raised",8,"Success",2,"Released raised by GEB","un",2002,"Success",182,320
"success of pups raised",8,"Success",2,"Released raised by GEB","un",2003,"Success",210,346
"success of pups raised",8,"Success",2,"Released raised by GEB","un",2004,"Success",233,388
"success of pups raised",8,"Success",2,"Released raised by GEB","un",2005,"Success",158,330
"success of pups raised",8,"Success",2,"Released raised by GEB","un",2006,"Success",190,362
"success of pups raised",8,"Success",2,"Released raised by GEB","un",2007,"Success",154,279
"success of pups raised",8,"Success",2,"Released raised by GEB","un",2008,"Success",116,249
"success of pups raised",8,"Success",2,"Released raised by GEB","un",2009,"Success",123,275
"success of pups raised",8,"Success",2,"Released raised by GEB","un",2010,"Success",127,281
"success of pups raised",8,"Success",2,"Released raised by GEB","un",2011,"Success",134,302
"success of pups raised",8,"Success",2,"Released raised by GEB","un",2012,"Success",160,317
"success of pups raised",8,"Success",2,"Released raised by GEB","un",2013,"Success",161,312
"success of pups raised",8,"Success",2,"Released raised by GEB","un",2014,"Success",170,324
"success of pups raised",8,"Success",2,"Released raised by GEB","un",2015,"Success",164,357
"success of pups raised",8,"Success",2,"Released raised by GEB","un",2016,"Success",164,337
"success of pups raised",8,"Success",2,"Released raised by GEB","un",2017,"Success",200,357
"success of pups raised",8,"Success",2,"Released raised by GEB","un",2018,"Success",156,307
"success of pups raised",8,"Success",3,"Used","aff",1991,"Success",205,454
"success of pups raised",8,"Success",3,"Used","aff",1992,"Success",166,461
"success of pups raised",8,"Success",3,"Used","aff",1993,"Success",172,486
"success of pups raised",8,"Success",3,"Used","aff",1994,"Success",170,416
"success of pups raised",8,"Success",3,"Used","aff",1995,"Success",244,552
"success of pups raised",8,"Success",3,"Used","aff",1996,"Success",179,468
"success of pups raised",8,"Success",3,"Used","aff",1997,"Success",169,424
"success of pups raised",8,"Success",3,"Used","aff",1998,"Success",179,469
"success of pups raised",8,"Success",3,"Used","aff",1999,"Success",190,496
"success of pups raised",8,"Success",3,"Used","aff",2000,"Success",128,341
"success of pups raised",8,"Success",3,"Used","aff",2001,"Success",118,309
"success of pups raised",8,"Success",3,"Used","aff",2002,"Success",138,320
"success of pups raised",8,"Success",3,"Used","aff",2003,"Success",136,346
"success of pups raised",8,"Success",3,"Used","aff",2004,"Success",155,388
"success of pups raised",8,"Success",3,"Used","aff",2005,"Success",172,330
"success of pups raised",8,"Success",3,"Used","aff",2006,"Success",172,362
"success of pups raised",8,"Success",3,"Used","aff",2007,"Success",125,279
"success of pups raised",8,"Success",3,"Used","aff",2008,"Success",133,249
"success of pups raised",8,"Success",3,"Used","aff",2009,"Success",152,275
"success of pups raised",8,"Success",3,"Used","aff",2010,"Success",154,281
"success of pups raised",8,"Success",3,"Used","aff",2011,"Success",168,302
"success of pups raised",8,"Success",3,"Used","aff",2012,"Success",157,317
"success of pups raised",8,"Success",3,"Used","aff",2013,"Success",151,312
"success of pups raised",8,"Success",3,"Used","aff",2014,"Success",154,324
"success of pups raised",8,"Success",3,"Used","aff",2015,"Success",193,357
"success of pups raised",8,"Success",3,"Used","aff",2016,"Success",173,337
"success of pups raised",8,"Success",3,"Used","aff",2017,"Success",157,357
"success of pups raised",8,"Success",3,"Used","aff",2018,"Success",151,307
